{"cameraMode":{"drawMode":0,"name":"Shaded","section":"Shading Mode"},"sceneLighting":true,"audioPlay":false,"sceneViewState":{"showFog":true,"showMaterialUpdate":true,"showSkybox":true,"showFlares":true,"showImageEffects":true,"showParticleSystems":true},"in2DMode":false,"pivot":{"x":-36.643898010253909,"y":-17.24779510498047,"z":353.10693359375},"rotation":{"x":-0.1650538593530655,"y":0.16689684987068177,"z":-0.028771186247467996,"w":-0.9717969298362732},"size":90.79402160644531,"orthographic":false}