{"cameraMode":{"drawMode":0,"name":"Shaded","section":"Shading Mode"},"sceneLighting":true,"audioPlay":false,"sceneViewState":{"showFog":true,"showMaterialUpdate":true,"showSkybox":true,"showFlares":true,"showImageEffects":true,"showParticleSystems":true},"in2DMode":false,"pivot":{"x":-0.4170682728290558,"y":0.6012213230133057,"z":0.8929190635681152},"rotation":{"x":0.10172674059867859,"y":0.3935093879699707,"z":-0.04386969283223152,"w":0.9126309156417847},"size":3.007394790649414,"orthographic":false}