{"cameraMode":{"drawMode":0,"name":"Shaded","section":"Shading Mode"},"sceneLighting":true,"audioPlay":false,"sceneViewState":{"showFog":true,"showMaterialUpdate":true,"showSkybox":true,"showFlares":true,"showImageEffects":true,"showParticleSystems":true},"in2DMode":false,"pivot":{"x":-0.13900330662727357,"y":8.645944595336914,"z":10.142520904541016},"rotation":{"x":0.04729577526450157,"y":0.670555830001831,"z":-0.042919937521219257,"w":0.7391254901885986},"size":6.70789909362793,"orthographic":false}