{"cameraMode":{"drawMode":0,"name":"Shaded","section":"Shading Mode"},"sceneLighting":true,"audioPlay":false,"sceneViewState":{"showFog":true,"showMaterialUpdate":true,"showSkybox":true,"showFlares":true,"showImageEffects":true,"showParticleSystems":true},"in2DMode":false,"pivot":{"x":-38.80253601074219,"y":12.475587844848633,"z":218.53164672851563},"rotation":{"x":-0.29473876953125,"y":0.11715114861726761,"z":-0.03647303953766823,"w":-0.9477574825286865},"size":24.48727798461914,"orthographic":false}