{"cameraMode":{"drawMode":0,"name":"Shaded","section":"Shading Mode"},"sceneLighting":true,"audioPlay":false,"sceneViewState":{"showFog":false,"showMaterialUpdate":false,"showSkybox":false,"showFlares":false,"showImageEffects":false,"showParticleSystems":false},"in2DMode":false,"pivot":{"x":-0.2956221103668213,"y":-1.8809046745300294,"z":10.120795249938965},"rotation":{"x":-0.13046284019947053,"y":0.0638994500041008,"z":-0.00842637661844492,"w":-0.9893590807914734},"size":11.500944137573243,"orthographic":false}