{"cameraMode":{"drawMode":0,"name":"Shaded","section":"Shading Mode"},"sceneLighting":true,"audioPlay":false,"sceneViewState":{"showFog":true,"showMaterialUpdate":true,"showSkybox":true,"showFlares":true,"showImageEffects":true,"showParticleSystems":true},"in2DMode":false,"pivot":{"x":-30.715871810913087,"y":46.48639678955078,"z":231.76617431640626},"rotation":{"x":0.03837075084447861,"y":-0.03656645119190216,"z":0.0016067670658230782,"w":0.9987086653709412},"size":10.834297180175782,"orthographic":false}