{"cameraMode":{"drawMode":0,"name":"Shaded","section":"Shading Mode"},"sceneLighting":true,"audioPlay":false,"sceneViewState":{"showFog":true,"showMaterialUpdate":true,"showSkybox":true,"showFlares":true,"showImageEffects":true,"showParticleSystems":true},"in2DMode":false,"pivot":{"x":1.5000001192092896,"y":0.12499940395355225,"z":1.4999992847442628},"rotation":{"x":-0.26806706190109255,"y":0.21136513352394105,"z":-0.06069878861308098,"w":-0.9380706548690796},"size":4.825017929077148,"orthographic":false}