{"cameraMode":{"drawMode":0,"name":"Shaded","section":"Shading Mode"},"sceneLighting":true,"audioPlay":false,"sceneViewState":{"showFog":true,"showMaterialUpdate":true,"showSkybox":true,"showFlares":true,"showImageEffects":true,"showParticleSystems":true},"in2DMode":false,"pivot":{"x":0.4620421230792999,"y":1.624321699142456,"z":0.2643004357814789},"rotation":{"x":0.022213030606508256,"y":0.7086685299873352,"z":-0.02234136499464512,"w":0.7048566937446594},"size":3.1078975200653078,"orthographic":false}