{"cameraMode":{"drawMode":0,"name":"Shaded","section":"Shading Mode"},"sceneLighting":true,"audioPlay":false,"sceneViewState":{"showFog":true,"showMaterialUpdate":true,"showSkybox":true,"showFlares":true,"showImageEffects":true,"showParticleSystems":true},"in2DMode":false,"pivot":{"x":1.0092997550964356,"y":3.4738609790802,"z":0.399031400680542},"rotation":{"x":-0.027964919805526735,"y":0.1934095174074173,"z":-0.005529520567506552,"w":-0.980730414390564},"size":-5.156057357788086,"orthographic":false}