{"cameraMode":{"drawMode":0,"name":"Shaded","section":"Shading Mode"},"sceneLighting":true,"audioPlay":false,"sceneViewState":{"showFog":true,"showMaterialUpdate":true,"showSkybox":true,"showFlares":true,"showImageEffects":true,"showParticleSystems":true},"in2DMode":false,"pivot":{"x":-10.29307746887207,"y":-7.367883205413818,"z":21.749679565429689},"rotation":{"x":0.2683151364326477,"y":-0.21673281490802766,"z":0.062089137732982638,"w":0.9365847110748291},"size":31.343185424804689,"orthographic":false}