{"cameraMode":{"drawMode":0,"name":"Shaded","section":"Shading Mode"},"sceneLighting":true,"audioPlay":false,"sceneViewState":{"showFog":true,"showMaterialUpdate":true,"showSkybox":true,"showFlares":true,"showImageEffects":true,"showParticleSystems":true},"in2DMode":false,"pivot":{"x":25.05843162536621,"y":43.74660873413086,"z":239.0909423828125},"rotation":{"x":-0.18115054070949555,"y":0.350300669670105,"z":-0.06971801072359085,"w":-0.9164912700653076},"size":24.751083374023439,"orthographic":false}