{"cameraMode":{"drawMode":0,"name":"Shaded","section":"Shading Mode"},"sceneLighting":true,"audioPlay":false,"sceneViewState":{"showFog":true,"showMaterialUpdate":true,"showSkybox":true,"showFlares":true,"showImageEffects":true,"showParticleSystems":true},"in2DMode":false,"pivot":{"x":-1.2697491645812989,"y":0.09982861578464508,"z":0.8954740762710571},"rotation":{"x":0.17681007087230683,"y":0.5672364830970764,"z":-0.12626369297504426,"w":0.7943936586380005},"size":6.436822414398193,"orthographic":false}